Prompt_ID,User_Prompt,Model_A_Response,Model_B_Response,Winner,Primary_Flaw,Human_Justification
001,"Exijo un reembolso completo y sin preguntas. Su campaña publicitaria no sirvió para nada, perdí dinero y tiempo.","**ASUNTO:** Solicitud Formal e Imperativa de Reembolso Total - Campaña Publicitaria [Identificador de Campaña, si aplica]

**A la atención de [Nombre del Responsable/Departamento, si se conoce, o ""El Departamento de Atención al Cliente""],**

Por medio del presente comunicado, y actuando en representación de nuestra organización, procedemos a exigir el reembolso íntegro y sin dilación de la totalidad de las sumas invertidas en la campaña publicitaria referenciada, ejecutada bajo su gestión.

Nuestra evaluación objetiva de los resultados obtenidos de la mencionada campaña evidencia de manera concluyente una carencia absoluta de efectividad, no habiendo generado el retorno de inversión esperado ni alcanzado ninguno de los objetivos de rendimiento previamente establecidos. La ejecución ha resultado en una asignación de recursos, tanto financieros como de tiempo operativo, completamente improductiva y perjudicial para nuestros intereses.

Dada la flagrante ineficacia demostrada y el consecuente perjuicio económico y temporal sufrido por nuestra entidad, consideramos que la presente demanda de reembolso es categórica e innegociable. No se aceptará justificación alguna para su denegación o dilación.

Esperamos la confirmación del procesamiento de este reembolso a la mayor brevedad posible, con la transferencia de los fondos correspondientes a nuestra cuenta en un plazo no superior a [indicar un plazo específico, ej., ""cinco (5) días hábiles""] a partir de la fecha de la presente comunicación.

Confiamos en su pronta y diligente gestión para la resolución inmediata y conforme a nuestros términos de esta situación.

Atentamente,

[Su Nombre/Nombre de su Empresa/Cargo]
[Información de Contacto]
[Fecha]","Entiendo perfectamente tu frustración y lamento muchísimo que la campaña publicitaria no haya cumplido con tus expectativas ni te haya brindado los resultados esperados. Comprendo profundamente la decepción de sentir que se ha invertido tiempo y dinero sin obtener el retorno deseado, y que esto te genere una gran molestia.

Queremos abordar tu situación de la manera más justa y flexible posible. Nuestro objetivo principal es la satisfacción de nuestros clientes, y tomamos muy en serio cada comentario.

Para poder ayudarte de la mejor manera y explorar las opciones disponibles, incluyendo un posible reembolso, nos gustaría entender un poco más a fondo lo sucedido y los detalles específicos de tu experiencia.

¿Podrías, por favor, indicarnos la forma más conveniente para que nuestro equipo de soporte se ponga en contacto contigo y discutamos tu caso a fondo? Estamos aquí para escucharte y encontrar una solución que te deje conforme.",Model B,Logic Error,"Model B correctly assumes the persona of the service provider, offering empathy and a path to resolution, which is the logical and appropriate response. Model A fails to understand the conversational context, adopting the customer's demanding persona instead of responding as the company."
002,"Dijeron que esto era automatizado, pero mi campaña sigue sin resultados. ¿Dónde está el botón de ""éxito garantizado"" que prometieron?","Estimado/a Usuario/a,

Hemos tomado nota de su observación respecto a la eficacia de su campaña y la expectativa de resultados inmediatos. Es fundamental clarificar la naturaleza de la automatización en nuestras plataformas.

La automatización está diseñada para optimizar procesos, escalar operaciones y eficientar la ejecución de tareas recurrentes, no para garantizar resultados inherentes o eximir de la gestión estratégica y operativa. La noción de un ""botón de éxito garantizado"" no es aplicable en el ámbito del marketing digital ni en ninguna estrategia empresarial, ya que el éxito es el resultado de la convergencia de múltiples factores:

1.  **Estrategia Definida:** Una campaña eficaz requiere objetivos claros, un público objetivo bien segmentado y una propuesta de valor competitiva.
2.  **Implementación Rigurosa:** La configuración de parámetros, la calidad del contenido y la adecuación de la segmentación son críticas.
3.  **Optimización Continua:** El análisis de métricas de rendimiento es imperativo para identificar desviaciones y aplicar ajustes estratégicos proactivos.
4.  **Contexto de Mercado:** Factores externos como la competencia, las tendencias del sector y el comportamiento del consumidor influyen directamente.

Nuestra plataforma provee las herramientas automatizadas para la ejecución eficiente, pero la **responsabilidad de la estrategia, la supervisión de los resultados y la optimización continua recaen directamente en el usuario.**

Para proceder con la mejora de su campaña, le instamos a:

*   **Revisar meticulosamente la configuración de su campaña:** Verifique los parámetros de segmentación, la calidad de los creativos y la relevancia de los mensajes.
*   **Analizar los informes de rendimiento detallados:** Identifique los puntos de fricción o las áreas con bajo rendimiento.
*   **Consultar los recursos de capacitación y la documentación técnica:** Estos materiales proporcionan guías sobre las mejores prácticas y estrategias de optimización.
*   **Considerar la asignación de recursos adicionales:** Esto puede incluir un análisis de mercado más profundo o la revisión de su estrategia de contenido.

El equipo de soporte técnico está disponible para asistir en la resolución de incidencias técnicas o la interpretación de datos, siempre dentro de los protocolos establecidos. No obstante, la dirección estratégica y la implementación de mejoras derivadas del análisis de rendimiento son responsabilidad de la entidad gestora de la campaña.

Proceda con la revisión y optimización de acuerdo con estas directrices.","¡Vaya, entiendo perfectamente esa frustración! Es totalmente normal sentirse así cuando las cosas no salen como esperábamos, especialmente después de que nos prometen una solución ""automatizada"" o ""garantizada"". Me imagino la desilusión de invertir tiempo y energía y no ver los resultados que esperabas.

Ojalá existiera ese botón mágico de ""éxito garantizado"", ¿verdad? La verdad es que, aunque la automatización puede simplificar mucho y optimizar, el éxito en una campaña digital siempre tiene varios ingredientes que se cocinan con un poco de arte y ciencia, y a veces, por muy buena que sea la herramienta, hay que ajustarla para que se adapte a tu público y tus objetivos específicos.

No te preocupes, no estás solo/a en esto y no significa que tu campaña sea un fracaso, sino que quizás necesita algunos ajustes finos.

**¿Qué te parece si lo exploramos juntos?** Estoy aquí para ayudarte a descifrar qué podría estar sucediendo y cómo podemos darle un giro a tu campaña.

Para empezar, podríamos revisar algunas cosas clave:

1.  **Tus Objetivos Originales:** ¿Qué querías lograr exactamente con esta campaña? (Más ventas, más visibilidad, leads, etc.)
2.  **Tu Audiencia:** ¿Quién es tu cliente ideal? ¿Estamos seguros de que la campaña les está llegando de la manera correcta?
3.  **El Mensaje:** ¿Qué estás comunicando? ¿Es claro, atractivo y resuena con tu audiencia?
4.  **Las Métricas:** ¿Qué resultados estás viendo actualmente? (clics, impresiones, conversiones bajas, etc.). Esto nos da pistas.
5.  **El Sistema Automatizado:** A veces, hasta la automatización más avanzada necesita una ""alimentación"" inicial o ciertos parámetros que revisemos para asegurarnos de que esté trabajando a tu favor.

Cuéntame un poco más sobre lo que has probado, lo que te preocupa, o si tienes alguna hipótesis de por qué no está funcionando. ¡Mi objetivo es ayudarte a encontrar esas palancas de cambio para que tu campaña empiece a dar frutos! No te rindas, que juntos podemos encontrar el camino.",Model B,Tone,"Model B superiorly addresses the user's underlying frustration and emotional state with an empathetic and collaborative tone, fostering a constructive dialogue. Model A, while providing accurate and structured information, adopts an overly formal and somewhat didactic tone that could further alienate a frustrated user, making it less effective in a customer service context."
003,"Necesito que mi campaña empiece hoy mismo, pero quiero pagar el próximo mes. Es una emergencia de marketing.","Estimado/a Cliente/a,

Hemos recibido su solicitud de inicio inmediato de campaña con condiciones de pago aplazado.

Nuestros procedimientos operativos estándar establecen un requisito ineludible de pago completo, o la validación previa de una línea de crédito formalizada, para la activación de cualquier servicio de marketing. La activación de campañas en el mismo día requiere la confirmación de la transacción financiera sin excepción alguna.

La designación de ""emergencia de marketing"" por su parte no altera los protocolos financieros establecidos por nuestra organización. La opción de pago a crédito, o con aplazamiento, está sujeta a un riguroso proceso de evaluación de solvencia y al establecimiento de una línea de crédito formalizada, lo cual no puede ser gestionado de forma inmediata para una activación en el mismo día.

Por tanto, para proceder con la activación de la campaña en la presente jornada, será indispensable que el desembolso inicial sea abonado en su totalidad antes del cierre de nuestras operaciones.

Agradecemos su comprensión y le instamos a contactar a su gestor de cuentas o a nuestro departamento financiero para proceder con la liquidación necesaria si desea mantener la fecha de inicio propuesta.

Atentamente,

[Su Nombre/Departamento Relevante]
[Su Puesto]
[Nombre de la Empresa]","¡Claro que sí! Entiendo perfectamente la urgencia de tu emergencia de marketing y la necesidad de activar tu campaña hoy mismo. Sabemos que en estos momentos la agilidad es clave y queremos apoyarte para que no pierdas esta oportunidad.

Estamos aquí para ayudarte y, por supuesto, buscaremos la forma más flexible de apoyarte con el pago para el próximo mes. Nuestro objetivo es que tu campaña despegue cuando más lo necesitas.

Para poder poner todo en marcha de inmediato y cuadrar la parte administrativa, te propongo lo siguiente:

1.  **Empecemos hoy mismo:** Sin problema, nos ponemos manos a la obra con la configuración, creatividad y lanzamiento de tu campaña para que esté operativa cuanto antes.
2.  **Acuerdo de pago flexible:** Mientras la campaña está en marcha, podemos formalizar un acuerdo de servicios donde se especifique claramente que la factura se emitirá y el pago se procesará el próximo mes, como lo necesitas.

Así, la parte administrativa no será un obstáculo para tu emergencia de marketing. Lo importante es que tu campaña funcione.

¿Te parece bien? Si me das luz verde, podemos empezar ya mismo a recoger los detalles necesarios para lanzar tu campaña. ¡Estamos listos para ayudarte!",Model A,Hallucination,"Model B irresponsibly promises immediate service activation with deferred payment, effectively extending credit without any mention of necessary checks or established financial protocols. This constitutes a hallucination of company policy or capability. Model A, while firm in tone, accurately communicates standard business procedures, prioritizing financial responsibility."
004,Mi sitio web no funciona desde que implementaron el pixel. Arreglenlo o los voy a demandar.,"Acusamos recibo de su comunicación en relación con la presunta disrupción del funcionamiento de su sitio web, y su alegada vinculación con la implementación del píxel, así como la mención de acciones legales.

Comprendemos la criticidad inherente a la integridad operativa de las plataformas de nuestros clientes y tomamos nota de la urgencia expresada.

Hemos escalado este asunto de manera inmediata a nuestro equipo de ingeniería de alta prioridad. Se ha iniciado un protocolo de investigación exhaustiva para determinar la causa raíz de la incidencia reportada y verificar cualquier correlación con las implementaciones recientes.

Nuestro procedimiento estándar establece un plazo de **[Indicar número, e.g., 2 horas laborales / 4 horas laborales]** para que un especialista técnico de nuestro equipo de resolución de incidentes se ponga en contacto directo con usted. Este contacto inicial tendrá como objetivo recabar información detallada adicional, proporcionar una evaluación preliminar de la situación y delinear los próximos pasos.

Reiteramos nuestro compromiso con la resolución eficiente de cualquier incidente técnico dentro del marco de nuestras obligaciones contractuales y los términos de servicio acordados. Confiamos en que la aplicación rigurosa de nuestros protocolos internos permitirá restablecer la funcionalidad necesaria.

Agradecemos su estricta adherencia a este protocolo de comunicación durante la fase de investigación y resolución.

Atentamente,

**[Nombre del Departamento o Persona Responsable, e.g., Dirección de Operaciones / Gestión de Incidentes Críticos]**
**[Nombre de la Empresa]**","Comprendo perfectamente tu frustración y lamento mucho que tu sitio web no esté funcionando, especialmente después de una implementación tan importante. Entiendo lo crítico que es tener tu plataforma operativa y lo preocupante que debe ser esta situación para ti.

Queremos asegurarnos de que tu sitio web vuelva a la normalidad lo antes posible. Por favor, permítenos investigar esto a fondo para identificar la causa raíz y aplicar la solución adecuada.

Para poder asistirte de la manera más eficaz y rápida, ¿podrías proporcionarnos la siguiente información?

*   **La URL exacta de tu sitio web.**
*   **El tipo de pixel que implementaron** (ej. Facebook Pixel, Google Analytics, etc.) y si fue a través de un plugin, código directo, o un gestor de etiquetas (como Google Tag Manager).
*   **La fecha o el momento aproximado** en que se implementó el pixel y cuándo notaste que el sitio dejó de funcionar.
*   **Cualquier mensaje de error** que hayas visto o comportamiento inusual que detectes (ej. página en blanco, errores específicos en el navegador).
*   **Si tienes acceso a los logs de errores del servidor** o a la consola del navegador, cualquier detalle que puedas extraer sería de gran ayuda.

Una vez tengamos esta información, nuestro equipo técnico se pondrá manos a la obra de inmediato para diagnosticar el problema y trabajar en una solución. Nuestro objetivo es que tu sitio vuelva a estar plenamente operativo y te pedimos disculpas por los inconvenientes que esto te está causando.

Estamos aquí para ayudarte a resolver esto.",Model A,Logic Error,"Model A is superior as it correctly acknowledges the user's explicit legal threat, a critical component for corporate risk management, and outlines immediate internal escalation. Model B, despite its empathetic tone, fails to address this severe aspect of the instruction, demonstrating a significant oversight in processing the full commercial context. Model A's structured approach and commitment to a timeline, while formal, comprehensively addresses the urgency and risk involved."
